"Title","TesdaId","CatalogPage","Status","File","Error"
"Automotive Body Painting/Finishing NC I","24","4","Already present","Automotive Body Painting Finishing NC I.pdf",""
"Aquaculture NC II (Superseded)","11","3","Already present","Aquaculture NC II (Superseded).pdf",""
"Fish Capture NC II","23","15","Already present","Fish Capture NC II.pdf",""
"Auto Engine Rebuilding NC II","25","4","Already present","Auto Engine Rebuilding NC II.pdf",""
"Automotive Servicing NC II (Superseded)","27","6","Already present","Automotive Servicing NC II (Superseded).pdf",""
"Carpentry NC II","29","9","Already present","Carpentry NC II.pdf",""
"Bartending NC II","28","7","Already present","Bartending NC II.pdf",""
"Cookery NC II","30","11","Already present","Cookery NC II.pdf",""
"Dressmaking NC II","33","13","Already present","Dressmaking NC II.pdf",""
"Driving NC II","34","13","Already present","Driving NC II.pdf",""
"Food and Beverage Services NC II (Superseded)","35","16","Already present","Food and Beverage Services NC II (Superseded).pdf",""
"Animation NC II","38","3","Already present","Animation NC II.pdf",""
"Masonry NC II","42","27","Already present","Masonry NC II.pdf",""
"Pyrotechnics NC II","43","33","Already present","Pyrotechnics NC II.pdf",""
"RAC Servicing (PACU-CRE) NC III (Superseded)","44","33","Already present","RAC Servicing (PACU-CRE) NC III (Superseded).pdf",""
"Local Guiding Services NC II","46","26","Already present","Local Guiding Services NC II.pdf",""
"Agricultural Crops Production NC I","49","1","Already present","Agricultural Crops Production NC I.pdf",""
"CNC Milling Machine Operation NC II","50","10","Already present","CNC Milling Machine Operation NC II.pdf",""
"Beauty Care (Skin Care) Services NC II","51","7","Already present","Beauty Care (Skin Care) Services NC II.pdf",""
"Beauty Care NC III (Superseded)","52","7","Already present","Beauty Care NC III (Superseded).pdf",""
"Driving (Articulated Vehicle) NC III","53","13","Already present","Driving (Articulated Vehicle) NC III.pdf",""
"Performing Arts (Dance) NC II","60","30","Downloaded","Performing Arts (Dance) NC II.pdf",""
"Front Office Services NC II","56","18","Downloaded","Front Office Services NC II.pdf",""
"Fish Capture NC I","54","15","Downloaded","Fish Capture NC I.pdf",""
"Health Care Services NC II","59","21","Downloaded","Health Care Services NC II.pdf",""
"Hairdressing NC III","58","20","Downloaded","Hairdressing NC III.pdf",""
"Hairdressing NC II","57","20","Downloaded","Hairdressing NC II.pdf",""
"Performing Arts (Song) NC II","61","30","Downloaded","Performing Arts (Song) NC II.pdf",""
"Plumbing NC II","65","31","Downloaded","Plumbing NC II.pdf",""
"Security Services NC I","62","34","Downloaded","Security Services NC I.pdf",""
"Heavy Equipment Operation (Bulldozer) NC II","66","21","Downloaded","Heavy Equipment Operation (Bulldozer) NC II.pdf",""
"Tailoring NC II","67","36","Downloaded","Tailoring NC II.pdf",""
"Transport RAC Servicing NC II (Superseded)","68","38","Downloaded","Transport RAC Servicing NC II (Superseded).pdf",""
"Machining NC II","70","26","Downloaded","Machining NC II.pdf",""
"Motorcycle/Small Engine Servicing NC II","72","29","Downloaded","Motorcycle Small Engine Servicing NC II.pdf",""
"Food and Beverage Services NC III","69","16","Downloaded","Food and Beverage Services NC III.pdf",""
"Domestic Work NC II (Superseded)","82","13","Downloaded","Domestic Work NC II (Superseded).pdf",""
"Gas Tungsten Arc Welding (GTAW) NC II","112","19","Downloaded","Gas Tungsten Arc Welding (GTAW) NC II.pdf",""
"Slaughtering Operations (Large Animal) NC II","114","35","Downloaded","Slaughtering Operations (Large Animal) NC II.pdf",""
"Agricultural Crops Production NC III","115","2","Downloaded","Agricultural Crops Production NC III.pdf",""
"Automotive Servicing NC IV","116","6","Downloaded","Automotive Servicing NC IV.pdf",""
"Masonry NC III","118","27","Downloaded","Masonry NC III.pdf",""
"Masonry NC I","117","27","Downloaded","Masonry NC I.pdf",""
"Biomedical Equipment Servicing NC II (Superseded)","119","8","Downloaded","Biomedical Equipment Servicing NC II (Superseded).pdf",""
"Machining NC III","121","26","Downloaded","Machining NC III.pdf",""
"Shielded Metal Arc Welding (SMAW) NC I (Superseded)","122","35","Downloaded","Shielded Metal Arc Welding (SMAW) NC I (Superseded).pdf",""
"2D Animation NC III","123","1","Downloaded","2D Animation NC III.pdf",""
"Shielded Metal Arc Welding (SMAW) NC III (Superseded)","124","35","Downloaded","Shielded Metal Arc Welding (SMAW) NC III (Superseded).pdf",""
"Machining NC I","120","26","Downloaded","Machining NC I.pdf",""
"Flux-Cored Arc Welding (FCAW) NC I","128","16","Downloaded","Flux-Cored Arc Welding (FCAW) NC I.pdf",""
"GAS Welding NC II","129","20","Downloaded","GAS Welding NC II.pdf",""
"Submerged Arc Welding (SAW) NC I","131","36","Downloaded","Submerged Arc Welding (SAW) NC I.pdf",""
"Submerged Arc Welding (SAW) NC II","132","36","Downloaded","Submerged Arc Welding (SAW) NC II.pdf",""
"Mechatronics Servicing NC IV","133","28","Downloaded","Mechatronics Servicing NC IV.pdf",""
"Consumer Electronics Servicing NC IV","153","11","Downloaded","Consumer Electronics Servicing NC IV.pdf",""
"Instrumentation and Control Servicing NC II (Superseded)","154","24","Downloaded","Instrumentation and Control Servicing NC II (Superseded).pdf",""
"Instrumentation and Control Servicing NC III (Superseded)","155","24","Downloaded","Instrumentation and Control Servicing NC III (Superseded).pdf",""
"Instrumentation and Control Servicing NC IV (Superseded)","156","25","Downloaded","Instrumentation and Control Servicing NC IV (Superseded).pdf",""
"Mechatronics Servicing NC III","157","28","Downloaded","Mechatronics Servicing NC III.pdf",""
"Construction Painting NC III","180","11","Downloaded","Construction Painting NC III.pdf",""
"Horticulture NC III","179","24","Downloaded","Horticulture NC III.pdf",""
"Massage Therapy NC II","181","27","Downloaded","Massage Therapy NC II.pdf",""
"Medical Transcription NC II","184","28","Downloaded","Medical Transcription NC II.pdf",""
"Automotive Body Painting/Finishing NC III","185","4","Downloaded","Automotive Body Painting Finishing NC III.pdf",""
"Gas Welding NC I","190","20","Downloaded","Gas Welding NC I.pdf",""
"Automotive Servicing NC I","186","6","Downloaded","Automotive Servicing NC I.pdf",""
"Construction Painting NC II","188","11","Downloaded","Construction Painting NC II.pdf",""
"Carpentry NC III","187","9","Downloaded","Carpentry NC III.pdf",""
"Gas Metal Arc Welding (GMAW) NC II","191","19","Downloaded","Gas Metal Arc Welding (GMAW) NC II.pdf",""
"Gas Metal Arc Welding (GMAW) NC I","192","19","Downloaded","Gas Metal Arc Welding (GMAW) NC I.pdf",""
"Consumer Electronics Servicing NC III","193","11","Downloaded","Consumer Electronics Servicing NC III.pdf",""
"Mechatronics Servicing NC II","195","28","Downloaded","Mechatronics Servicing NC II.pdf",""
"Contact Center Services NC II","196","11","Downloaded","Contact Center Services NC II.pdf",""
"Food Processing NC III","199","17","Downloaded","Food Processing NC III.pdf",""
"Gas Tungsten Arc Welding (GTAW) NC IV","202","19","Downloaded","Gas Tungsten Arc Welding (GTAW) NC IV.pdf",""
"Plumbing NC I","203","31","Downloaded","Plumbing NC I.pdf",""
"Plumbing NC III","204","31","Downloaded","Plumbing NC III.pdf",""
"Emergency Medical Services NC II","205","15","Downloaded","Emergency Medical Services NC II.pdf",""
"Flux-Cored Arc Welding (FCAW) NC III","206","16","Downloaded","Flux-Cored Arc Welding (FCAW) NC III.pdf",""
"Shielded Metal Arc Welding (SMAW) NC IV (Superseded)","208","35","Downloaded","Shielded Metal Arc Welding (SMAW) NC IV (Superseded).pdf",""
"Gas Metal Arc Welding (GMAW) NC III","207","19","Downloaded","Gas Metal Arc Welding (GMAW) NC III.pdf",""
"Ice Plant Refrigeration Servicing NC III","209","24","Downloaded","Ice Plant Refrigeration Servicing NC III.pdf",""
"Heavy Equipment Servicing (Mechanical) NC II","211","24","Downloaded","Heavy Equipment Servicing (Mechanical) NC II.pdf",""
"Shielded Metal Arc Welding (SMAW) NC II (Superseded)","216","35","Downloaded","Shielded Metal Arc Welding (SMAW) NC II (Superseded).pdf",""
"Flux-Cored Arc Welding (FCAW) NC II","219","16","Downloaded","Flux-Cored Arc Welding (FCAW) NC II.pdf",""
"Fishport/Wharf Operation NC I","233","16","Downloaded","Fishport Wharf Operation NC I.pdf",""
"Air Duct Servicing NC II","210","2","Downloaded","Air Duct Servicing NC II.pdf",""
"Foundry Melting/Casting NC II","234","18","Downloaded","Foundry Melting Casting NC II.pdf",""
"Foundry Molding NC II","235","18","Downloaded","Foundry Molding NC II.pdf",""
"Heavy Equipment Operation (Screed) NC I","236","23","Downloaded","Heavy Equipment Operation (Screed) NC I.pdf",""
"Heavy Equipment Operation (Articulated Off-Highway Dump Truck) NC II","237","21","Downloaded","Heavy Equipment Operation (Articulated Off-Highway Dump Truck) NC II.pdf",""
"Heavy Equipment Operation (Concrete Pump) NC II","238","21","Downloaded","Heavy Equipment Operation (Concrete Pump) NC II.pdf",""
"Heavy Equipment Operation (Paver) NC II","239","22","Downloaded","Heavy Equipment Operation (Paver) NC II.pdf",""
"Rigging NC I","240","33","Downloaded","Rigging NC I.pdf",""
"Heavy Equipment Operation (Transit Mixer) NC II","241","23","Downloaded","Heavy Equipment Operation (Transit Mixer) NC II.pdf",""
"Bookkeeping NC III","242","8","Downloaded","Bookkeeping NC III.pdf",""
"Cable TV Installation NC II","244","8","Downloaded","Cable TV Installation NC II.pdf",""
"Photography NC II","243","30","Downloaded","Photography NC II.pdf",""
"Attractions and Theme Parks Operations NC II","245","4","Downloaded","Attractions and Theme Parks Operations NC II.pdf",""
"Events Management Services NC III","246","15","Downloaded","Events Management Services NC III.pdf",""
"Housekeeping NC III","247","24","Downloaded","Housekeeping NC III.pdf",""
"Housekeeping NC IV","248","24","Downloaded","Housekeeping NC IV.pdf",""
"Tourism Promotion Services NC II","249","37","Downloaded","Tourism Promotion Services NC II.pdf",""
"Caregiving NC II","252","9","Downloaded","Caregiving NC II.pdf",""
"Footwear Making NC II (Superseded)","64","18","Downloaded","Footwear Making NC II (Superseded).pdf",""
"Commercial Cooking NC III (Superseded)","253","10","Downloaded","Commercial Cooking NC III (Superseded).pdf",""
"Commercial Cooking NC IV (Superseded)","254","10","Downloaded","Commercial Cooking NC IV (Superseded).pdf",""
"Animal Health Care and Management NC III","250","2","Downloaded","Animal Health Care and Management NC III.pdf",""
"Heavy Equipment Operation (Crawler Crane) NC II (Superseded)","255","21","Downloaded","Heavy Equipment Operation (Crawler Crane) NC II (Superseded).pdf",""
"Fish Products Packaging NC II","257","15","Downloaded","Fish Products Packaging NC II.pdf",""
"Fishing Gear Repair and Maintenance NC III","258","16","Downloaded","Fishing Gear Repair and Maintenance NC III.pdf",""
"Heavy Equipment Operation (Forklift) NC II (Superseded)","259","22","Downloaded","Heavy Equipment Operation (Forklift) NC II (Superseded).pdf",""
"Food and Beverage Services NC IV","256","16","Downloaded","Food and Beverage Services NC IV.pdf",""
"Heavy Equipment Operation (Hydraulic Excavator) NC II (Superseded)","260","22","Downloaded","Heavy Equipment Operation (Hydraulic Excavator) NC II (Superseded).pdf",""
"Pest Management (Vegetables) NC II","262","30","Downloaded","Pest Management (Vegetables) NC II.pdf",""
"Reinforcing Steel Works NC II","264","33","Downloaded","Reinforcing Steel Works NC II.pdf",""
"Heavy Equipment Operation (Motor Grader) NC II","261","22","Downloaded","Heavy Equipment Operation (Motor Grader) NC II.pdf",""
"Heavy Equipment Operation (Rough-Terrain Crane) NC II (Superseded)","263","23","Downloaded","Heavy Equipment Operation (Rough-Terrain Crane) NC II (Superseded).pdf",""
"Press Machine Operation NC I","265","31","Downloaded","Press Machine Operation NC I.pdf",""
"Dental Laboratory Technology Services NC I","290","12","Downloaded","Dental Laboratory Technology Services NC I.pdf",""
"Automotive Electrical Assembly NC III","279","5","Downloaded","Automotive Electrical Assembly NC III.pdf",""
"3D Animation NC III","251","1","Downloaded","3D Animation NC III.pdf",""
"Process Inspection NC III","293","32","Downloaded","Process Inspection NC III.pdf",""
"Laboratory and Metrology/Calibration Services NC II","291","25","Downloaded","Laboratory and Metrology Calibration Services NC II.pdf",""
"Laboratory and Metrology/Calibration Services NC III","300","25","Downloaded","Laboratory and Metrology Calibration Services NC III.pdf",""
"Automotive Wiring Harness Assembly NC II","301","6","Downloaded","Automotive Wiring Harness Assembly NC II.pdf",""
"Moldmaking NC II","302","29","Downloaded","Moldmaking NC II.pdf",""
"Metal Stamping NC II","303","28","Downloaded","Metal Stamping NC II.pdf",""
"Forging NC II","304","18","Downloaded","Forging NC II.pdf",""
"Forging NC III","305","18","Downloaded","Forging NC III.pdf",""
"Bread and Pastry Production NC II (Superseded)","306","8","Downloaded","Bread and Pastry Production NC II (Superseded).pdf",""
"CAD/CAM Operation NC III","307","8","Downloaded","CAD CAM Operation NC III.pdf",""
"CNC Lathe Machine Operation NC II","308","10","Downloaded","CNC Lathe Machine Operation NC II.pdf",""
"CNC Lathe Machine Operation NC III","309","10","Downloaded","CNC Lathe Machine Operation NC III.pdf",""
"CNC Milling Machine Operation NC III","310","10","Downloaded","CNC Milling Machine Operation NC III.pdf",""
"Painting Machine Operation NC II","316","30","Downloaded","Painting Machine Operation NC II.pdf",""
"Plastic Machine Operation NC II","318","31","Downloaded","Plastic Machine Operation NC II.pdf",""
"Process Inspection NC II","319","32","Downloaded","Process Inspection NC II.pdf",""
"Structural Erection NC II","320","36","Downloaded","Structural Erection NC II.pdf",""
"Tinsmithing (Automotive Manufacturing) NC II","321","37","Downloaded","Tinsmithing (Automotive Manufacturing) NC II.pdf",""
"Plant Maintenance NC I","340","31","Downloaded","Plant Maintenance NC I.pdf",""
"Landscape Installation and Maintenance (Softscape) NC II","322","25","Downloaded","Landscape Installation and Maintenance (Softscape) NC II.pdf",""
"Tool and Die Making NC II","341","37","Downloaded","Tool and Die Making NC II.pdf",""
"Furniture Making (Finishing) NC II","343","19","Downloaded","Furniture Making (Finishing) NC II.pdf",""
"Mechanical Drafting NC I","342","27","Downloaded","Mechanical Drafting NC I.pdf",""
"Ophthalmic Lens Services NC II","344","29","Downloaded","Ophthalmic Lens Services NC II.pdf",""
"Performing Arts (Ballroom Dancing) NC II","345","30","Downloaded","Performing Arts (Ballroom Dancing) NC II.pdf",""
"Automotive Mechanical Assembly NC III","365","5","Downloaded","Automotive Mechanical Assembly NC III.pdf",""
"Electrical Installation and Maintenance NC III","366","14","Downloaded","Electrical Installation and Maintenance NC III.pdf",""
"Foundry Melting/Casting NC III","367","18","Downloaded","Foundry Melting Casting NC III.pdf",""
"Foundry Molding NC III","368","18","Downloaded","Foundry Molding NC III.pdf",""
"Heat Treatment NC II","370","21","Downloaded","Heat Treatment NC II.pdf",""
"Foundry Pattern Making NC III","369","18","Downloaded","Foundry Pattern Making NC III.pdf",""
"Illustration NC II","371","24","Downloaded","Illustration NC II.pdf",""
"Plastic Machine Operation NC III","372","31","Downloaded","Plastic Machine Operation NC III.pdf",""
"PV Systems Servicing NC III","374","32","Downloaded","PV Systems Servicing NC III.pdf",""
"PV System Design NC III","373","32","Downloaded","PV System Design NC III.pdf",""
"Security Services NC II","376","34","Downloaded","Security Services NC II.pdf",""
"Heavy Equipment Operation (Tower Crane) NC II (Superseded)","378","23","Downloaded","Heavy Equipment Operation (Tower Crane) NC II (Superseded).pdf",""
"Heavy Equipment Operation (Truck Mounted Crane) NC II (Superseded)","379","23","Downloaded","Heavy Equipment Operation (Truck Mounted Crane) NC II (Superseded).pdf",""
"Tile Setting NC II","377","37","Downloaded","Tile Setting NC II.pdf",""
"Food Processing NC I (Superseded)","381","17","Downloaded","Food Processing NC I (Superseded).pdf",""
"Heavy Equipment Operation (Wheel Loader) NC II","380","23","Downloaded","Heavy Equipment Operation (Wheel Loader) NC II.pdf",""
"Visual Graphic Design NC III","383","38","Downloaded","Visual Graphic Design NC III.pdf",""
"Food Processing NC IV","382","17","Downloaded","Food Processing NC IV.pdf",""
"Automotive Electrical Assembly NC II","384","5","Downloaded","Automotive Electrical Assembly NC II.pdf",""
"Automotive Mechanical Assembly NC II","385","5","Downloaded","Automotive Mechanical Assembly NC II.pdf",""
"Heavy Equipment Operation (Backhoe Loader) NC II","386","21","Downloaded","Heavy Equipment Operation (Backhoe Loader) NC II.pdf",""
"Cable TV Operation and Maintenance NC III","387","8","Downloaded","Cable TV Operation and Maintenance NC III.pdf",""
"Heavy Equipment Operation (Gantry Crane) NC II (Superseded)","388","22","Downloaded","Heavy Equipment Operation (Gantry Crane) NC II (Superseded).pdf",""
"Heavy Equipment Operation (Rigid On-Highway Dump Truck) NC II (Superseded)","389","22","Downloaded","Heavy Equipment Operation (Rigid On-Highway Dump Truck) NC II (Superseded).pdf",""
"Foundry Pattern Making NC II","390","18","Downloaded","Foundry Pattern Making NC II.pdf",""
"Rice Machinery Operations NC II","391","33","Downloaded","Rice Machinery Operations NC II.pdf",""
"PV Systems Installation NC II","406","32","Downloaded","PV Systems Installation NC II.pdf",""
"Hilot (Wellness Massage) NC II","408","24","Downloaded","Hilot (Wellness Massage) NC II.pdf",""
"Electrical Installation and Maintenance NC IV","407","14","Downloaded","Electrical Installation and Maintenance NC IV.pdf",""
"Marine Electricity NC II","409","27","Downloaded","Marine Electricity NC II.pdf",""
"Pharmacy Services NC III","410","30","Downloaded","Pharmacy Services NC III.pdf",""
"Customer Services NC II","411","12","Downloaded","Customer Services NC II.pdf",""
"Electrical Installation and Maintenance NC II","412","14","Downloaded","Electrical Installation and Maintenance NC II.pdf",""
"Broadband Installation (Fixed Wireless Systems) NC II","414","8","Downloaded","Broadband Installation (Fixed Wireless Systems) NC II.pdf",""
"Transmission Line Installation and Maintenance NC III (Superseded)","413","38","Downloaded","Transmission Line Installation and Maintenance NC III (Superseded).pdf",""
"Diesel Power Plant Operation and Maintenance NC II","416","13","Downloaded","Diesel Power Plant Operation and Maintenance NC II.pdf",""
"Diesel Power Plant Operation and Maintenance NC III","417","13","Downloaded","Diesel Power Plant Operation and Maintenance NC III.pdf",""
"Diesel Power Plant Maintenance NC III","415","13","Downloaded","Diesel Power Plant Maintenance NC III.pdf",""
"Automotive Servicing NC III (Superseded)","418","6","Downloaded","Automotive Servicing NC III (Superseded).pdf",""
"Dental Laboratory Technology Services (Removable Dentures/Appliances) NC II","436","12","Downloaded","Dental Laboratory Technology Services (Removable Dentures Appliances) NC II.pdf",""
"Technical Drafting NC II","437","36","Downloaded","Technical Drafting NC II.pdf",""
"Dental Hygiene Level IV","438","12","Downloaded","Dental Hygiene Level IV.pdf",""
"Dental Laboratory Technology Services (Fixed Dentures/Restorations) NC II","439","12","Downloaded","Dental Laboratory Technology Services (Fixed Dentures Restorations) NC II.pdf",""
"Microfinance Technology NC II","440","28","Downloaded","Microfinance Technology NC II.pdf",""
"Transmission Line Installation and Maintenance NC II (Superseded)","419","38","Downloaded","Transmission Line Installation and Maintenance NC II (Superseded).pdf",""
"Dental Technology NC IV","441","12","Downloaded","Dental Technology NC IV.pdf",""
"Jewelry Making (Fine Jewelry) NC II","443","25","Downloaded","Jewelry Making (Fine Jewelry) NC II.pdf",""
"Jewelry Making (Fine Jewelry) NC III","444","25","Downloaded","Jewelry Making (Fine Jewelry) NC III.pdf",""
"Line Construction (Electric Power Distribution) NC II (Superseded)","445","26","Downloaded","Line Construction (Electric Power Distribution) NC II (Superseded).pdf",""
"Heavy Equipment Operation (Container Stacker) NC II","454","21","Downloaded","Heavy Equipment Operation (Container Stacker) NC II.pdf",""
"Heavy Equipment Operation (Rigid Off-Highway Dump Truck) NC II","455","22","Downloaded","Heavy Equipment Operation (Rigid Off-Highway Dump Truck) NC II.pdf",""
"Barbering NC II","447","7","Downloaded","Barbering NC II.pdf",""
"Driving (Passenger Bus/Straight Truck) NC III","446","13","Downloaded","Driving (Passenger Bus Straight Truck) NC III.pdf",""
"Heavy Equipment Operation (Road Roller) NC II","456","23","Downloaded","Heavy Equipment Operation (Road Roller) NC II.pdf",""
"Beauty Care (Nail Care) Services NC II","457","7","Downloaded","Beauty Care (Nail Care) Services NC II.pdf",""
"Beauty Care Services (Nail Care) NC III (Superseded)","458","8","Downloaded","Beauty Care Services (Nail Care) NC III (Superseded).pdf",""
"Fashion Design (Apparel) NC III","459","15","Downloaded","Fashion Design (Apparel) NC III.pdf",""
"Telecom OSP and Subscriber Line Installation (Copper Cable/POTS and DSL) NC II","460","36","Downloaded","Telecom OSP and Subscriber Line Installation (Copper Cable POTS and DSL) NC II.pdf",""
"Telecom OSP Installation (Fiber Optic Cable) NC II","461","36","Downloaded","Telecom OSP Installation (Fiber Optic Cable) NC II.pdf",""
"RAC Servicing (DomRAC) NC II (Superseded)","462","33","Downloaded","RAC Servicing (DomRAC) NC II (Superseded).pdf",""
"Medical Coding and Claims Processing NC III","463","28","Downloaded","Medical Coding and Claims Processing NC III.pdf",""
"2D Game Art Development NC III","464","1","Downloaded","2D Game Art Development NC III.pdf",""
"Artificial Insemination (Large Ruminants) NC II","465","3","Downloaded","Artificial Insemination (Large Ruminants) NC II.pdf",""
"Artificial Insemination (Swine) NC II","466","3","Downloaded","Artificial Insemination (Swine) NC II.pdf",""
"Construction Lift Passenger/Material Elevator Operation NC II","467","11","Downloaded","Construction Lift Passenger Material Elevator Operation NC II.pdf",""
"Rubber Processing NC II","468","34","Downloaded","Rubber Processing NC II.pdf",""
"Rubber Production NC II (Superseded)","469","34","Downloaded","Rubber Production NC II (Superseded).pdf",""
"System Formworks Installation NC II","470","36","Downloaded","System Formworks Installation NC II.pdf",""
"Game Programming NC III","478","19","Downloaded","Game Programming NC III.pdf",""
"3D Game Art Development NC III","477","1","Downloaded","3D Game Art Development NC III.pdf",""
"Microfinance Technology NC IV","479","28","Downloaded","Microfinance Technology NC IV.pdf",""
"Organic Agriculture Production NC II","480","29","Downloaded","Organic Agriculture Production NC II.pdf",""
"Trainers Methodology Level I (Trainer/Assessor)","686","37","Downloaded","Trainers Methodology Level I (Trainer Assessor).pdf",""
"Trainers Methodology Level II (Training Designer/Developer)","687","37","Downloaded","Trainers Methodology Level II (Training Designer Developer).pdf",""
"Ship's Catering Services NC I","718","35","Downloaded","Ship's Catering Services NC I.pdf",""
"Ships' Catering NC III (Ships' Cooks)","720","35","Downloaded","Ships' Catering NC III (Ships' Cooks).pdf",""
"Able Seafarer Deck NC II (II-5)","727","1","Downloaded","Able Seafarer Deck NC II (II-5).pdf",""
"Barista NC II","739","7","Downloaded","Barista NC II.pdf",""
"Computer Systems Servicing NC II","763","11","Downloaded","Computer Systems Servicing NC II.pdf",""
"Electronic Products Assembly and Servicing NC II","764","14","Downloaded","Electronic Products Assembly and Servicing NC II.pdf",""
"Rating Forming Part of a Navigational Watch NC II (II-4)","729","33","Downloaded","Rating Forming Part of a Navigational Watch NC II (II-4).pdf",""
"Able Seafarer Engine NC II (III-5)","728","1","Downloaded","Able Seafarer Engine NC II (III-5).pdf",""
"Housekeeping NC II","765","24","Downloaded","Housekeeping NC II.pdf",""
"Rating Forming Part of an Engineering Watch NC II (III-4)","730","33","Downloaded","Rating Forming Part of an Engineering Watch NC II (III-4).pdf",""
"Agricultural Crops Production NC II","766","2","Downloaded","Agricultural Crops Production NC II.pdf",""
"Animal Production (Poultry-Chicken) NC II","769","2","Downloaded","Animal Production (Poultry-Chicken) NC II.pdf",""
"Animal Production (Swine) NC II","767","3","Downloaded","Animal Production (Swine) NC II.pdf",""
"Animal Production (Ruminants) NC II","768","3","Downloaded","Animal Production (Ruminants) NC II.pdf",""
"Lifeguard Services NC II","778","25","Downloaded","Lifeguard Services NC II.pdf",""
"Lifeguard Services NC III","779","25","Downloaded","Lifeguard Services NC III.pdf",""
"Electronics Back-end Operation NC II","1778","14","Downloaded","Electronics Back-end Operation NC II.pdf",""
"Electronics Front-of-line Operation NC II","1779","15","Downloaded","Electronics Front-of-line Operation NC II.pdf",""
"Garbage Collection NC I","782","19","Downloaded","Garbage Collection NC I.pdf",""
"Semiconductor Back-End Operation NC II","1780","35","Downloaded","Semiconductor Back-End Operation NC II.pdf",""
"Semiconductor Front-of-Line Operation NC II","1781","35","Downloaded","Semiconductor Front-of-Line Operation NC II.pdf",""
"Hard Disk Drive (HDD) Front-of-line (FOL) Operations NC II","1782","20","Downloaded","Hard Disk Drive (HDD) Front-of-line (FOL) Operations NC II.pdf",""
"Sanitary Landfill Operations NC II","780","34","Downloaded","Sanitary Landfill Operations NC II.pdf",""
"Land-Based Transport Refrigeration Servicing NC II","1783","25","Downloaded","Land-Based Transport Refrigeration Servicing NC II.pdf",""
"Sanitary Landfill Operations NC III","781","34","Downloaded","Sanitary Landfill Operations NC III.pdf",""
"Slaughtering Operations (Swine) NC II","1784","35","Downloaded","Slaughtering Operations (Swine) NC II.pdf",""
"Grains Production NC II","1785","20","Downloaded","Grains Production NC II.pdf",""
"Agricultural Machinery Operation NC II","1787","2","Downloaded","Agricultural Machinery Operation NC II.pdf",""
"Sugarcane Production NC II","1786","36","Downloaded","Sugarcane Production NC II.pdf",""
"Chemical Process Operations NC III","1788","9","Downloaded","Chemical Process Operations NC III.pdf",""
"Seaweed Production NC II","1789","34","Downloaded","Seaweed Production NC II.pdf",""
"Agroentrepreneurship NC II","1793","2","Downloaded","Agroentrepreneurship NC II.pdf",""
"Agroentrepreneurship NC III","1794","2","Downloaded","Agroentrepreneurship NC III.pdf",""
"Agroentrepreneurship NC IV","1795","2","Downloaded","Agroentrepreneurship NC IV.pdf",""
"Drying and Milling Plant Servicing NC III","1796","13","Downloaded","Drying and Milling Plant Servicing NC III.pdf",""
"Milking Operation NC II","1797","28","Downloaded","Milking Operation NC II.pdf",""
"Warehousing Services NC II","1801","39","Downloaded","Warehousing Services NC II.pdf",""
"Programming (.Net Technology) NC III","1802","32","Downloaded","Programming (.Net Technology) NC III.pdf",""
"Programming (JAVA) NC III (Superseded)","1803","32","Downloaded","Programming (JAVA) NC III (Superseded).pdf",""
"Programming (Oracle Database) NC III","1804","32","Downloaded","Programming (Oracle Database) NC III.pdf",""
"Bamboo Production NC II","1833","6","Downloaded","Bamboo Production NC II.pdf",""
"Electronics/Semiconductor Production Line Machine Servicing NC III","1834","15","Downloaded","Electronics Semiconductor Production Line Machine Servicing NC III.pdf",""
"Web Development NC III","1836","39","Downloaded","Web Development NC III.pdf",""
"Transmission Line Installation and Maintenance NC IV","1835","38","Downloaded","Transmission Line Installation and Maintenance NC IV.pdf",""
"2D Animation NC III (Superseded)","1838","1","Downloaded","2D Animation NC III (Superseded).pdf",""
"Visual Graphic Design NC III (Superseded)","1837","38","Downloaded","Visual Graphic Design NC III (Superseded).pdf",""
"Animation NC II (Superseded)","1840","3","Downloaded","Animation NC II (Superseded).pdf",""
"Transmission Line Installation and Maintenance NC III","1842","38","Downloaded","Transmission Line Installation and Maintenance NC III.pdf",""
"Trainers Methodology Level I (In-Company Trainer)","1841","37","Downloaded","Trainers Methodology Level I (In-Company Trainer).pdf",""
"3D Animation NC III (Superseded)","1839","1","Downloaded","3D Animation NC III (Superseded).pdf",""
"Transmission Line Installation and Maintenance NC II","1843","38","Downloaded","Transmission Line Installation and Maintenance NC II.pdf",""
"Automotive Servicing NC I (Superseded)","1850","6","Downloaded","Automotive Servicing NC I (Superseded).pdf",""
"Electric Power Distribution Line Construction NC II","1852","14","Downloaded","Electric Power Distribution Line Construction NC II.pdf",""
"Electric Power Distribution Operation and Maintenance NC IV","1854","14","Downloaded","Electric Power Distribution Operation and Maintenance NC IV.pdf",""
"Pipefitting (Metallic) NC II","1870","30","Downloaded","Pipefitting (Metallic) NC II.pdf",""
"Scaffolding Works NC II (Supported Type Scaffold)","1869","34","Downloaded","Scaffolding Works NC II (Supported Type Scaffold).pdf",""
"Carpentry NC II (Superseded)","1871","9","Downloaded","Carpentry NC II (Superseded).pdf",""
"Carpentry NC III (Superseded)","1872","9","Downloaded","Carpentry NC III (Superseded).pdf",""
"Electric Power Distribution Operation and Maintenance NC III","1853","14","Downloaded","Electric Power Distribution Operation and Maintenance NC III.pdf",""
"Food and Beverage Services NC III (Superseded)","1873","16","Downloaded","Food and Beverage Services NC III (Superseded).pdf",""
"Masonry NC I (Superseded)","1875","27","Downloaded","Masonry NC I (Superseded).pdf",""
"Masonry NC II (Superseded)","1876","27","Downloaded","Masonry NC II (Superseded).pdf",""
"Scaffold Erection NC II (Superseded)","1879","34","Downloaded","Scaffold Erection NC II (Superseded).pdf",""
"Pipefitting NC II (Superseded)","1878","30","Downloaded","Pipefitting NC II (Superseded).pdf",""
"Masonry NC III (Superseded)","1877","27","Downloaded","Masonry NC III (Superseded).pdf",""
"Food and Beverage Services NC IV (Superseded)","1874","17","Downloaded","Food and Beverage Services NC IV (Superseded).pdf",""
"Tile Setting NC II (Superseded)","1880","37","Downloaded","Tile Setting NC II (Superseded).pdf",""
"Agricultural Machinery Servicing (4-Wheel Tractor) NC III","1881","2","Downloaded","Agricultural Machinery Servicing (4-Wheel Tractor) NC III.pdf",""
"Bamboo Processing (Engineered-Bamboo) NC II","1882","6","Downloaded","Bamboo Processing (Engineered-Bamboo) NC II.pdf",""
"Real Estate Services NC II","1884","33","Downloaded","Real Estate Services NC II.pdf",""
"Tour Packaging (Fit Ad Hoc Domestic) Services NC II","1885","37","Downloaded","Tour Packaging (Fit Ad Hoc Domestic) Services NC II.pdf",""
"Barangay Health Services NC II","1886","6","Downloaded","Barangay Health Services NC II.pdf",""
"Barangay Health Services NC II (Superseded)","1887","6","Downloaded","Barangay Health Services NC II (Superseded).pdf",""
"Pressurized Irrigation System Installation and Maintenance NC II","1883","31","Downloaded","Pressurized Irrigation System Installation and Maintenance NC II.pdf",""
"Dental Hygiene Level IV (Superseded)","1889","12","Downloaded","Dental Hygiene Level IV (Superseded).pdf",""
"Machining NC I (Superseded)","1890","26","Downloaded","Machining NC I (Superseded).pdf",""
"Travel Services NC II (Superseded)","1891","38","Downloaded","Travel Services NC II (Superseded).pdf",""
"Beauty Care NC II (Superseded)","1896","7","Downloaded","Beauty Care NC II (Superseded).pdf",""
"Die Designing NC IV","1898","12","Downloaded","Die Designing NC IV.pdf",""
"Mold Making NC III","1899","29","Downloaded","Mold Making NC III.pdf",""
"Mold Designing NC IV","1897","29","Downloaded","Mold Designing NC IV.pdf",""
"Electric Discharge Machine (EDM) Sinking Operation NC II","1902","14","Downloaded","Electric Discharge Machine (EDM) Sinking Operation NC II.pdf",""
"5-Axis CNC Machine Operation NC III","1901","1","Downloaded","5-Axis CNC Machine Operation NC III.pdf",""
"CNC Electric Discharge Machine (EDM) Wire Cut Operation NC III","1900","10","Downloaded","CNC Electric Discharge Machine (EDM) Wire Cut Operation NC III.pdf",""
"Travel Services NC II","1903","38","Downloaded","Travel Services NC II.pdf",""
"Heavy Equipment Operation (Rigid On-Highway Dump Truck) NC II","2218","22","Downloaded","Heavy Equipment Operation (Rigid On-Highway Dump Truck) NC II.pdf",""
"Heavy Equipment Operation (Truck Mounted Crane) NC III","2220","23","Downloaded","Heavy Equipment Operation (Truck Mounted Crane) NC III.pdf",""
"Heavy Equipment Operation (Hydraulic Excavator) NC II","2219","22","Downloaded","Heavy Equipment Operation (Hydraulic Excavator) NC II.pdf",""
"Heavy Equipment Operation (Forklift) NC II","2217","21","Downloaded","Heavy Equipment Operation (Forklift) NC II.pdf",""
"Heavy Equipment Operation (Rough Terrain Crane) NC III","2221","23","Downloaded","Heavy Equipment Operation (Rough Terrain Crane) NC III.pdf",""
"Heavy Equipment Operation (Crawler Crane) NC III","2222","21","Downloaded","Heavy Equipment Operation (Crawler Crane) NC III.pdf",""
"Heavy Equipment Operation (Tower Crane) NC III","2223","23","Downloaded","Heavy Equipment Operation (Tower Crane) NC III.pdf",""
"Heavy Equipment Operation (Overhead and Gantry Crane) NC III","2224","22","Downloaded","Heavy Equipment Operation (Overhead and Gantry Crane) NC III.pdf",""
"Handloom Weaving (Upright) NC II","2226","20","Downloaded","Handloom Weaving (Upright) NC II.pdf",""
"Food Production (Professional Cookery) NC III","2227","17","Downloaded","Food Production (Professional Cookery) NC III.pdf",""
"Biogas Plant Installation NC III","2225","8","Downloaded","Biogas Plant Installation NC III.pdf",""
"Lighting for Live Performances NC II","2229","26","Downloaded","Lighting for Live Performances NC II.pdf",""
"Food Production (Professional Cookery) NC IV","2228","17","Downloaded","Food Production (Professional Cookery) NC IV.pdf",""
"Audio Production Services NC I","2230","4","Downloaded","Audio Production Services NC I.pdf",""
"Front Office Services NC III","2231","19","Downloaded","Front Office Services NC III.pdf",""
"Front Office Services NC IV","2232","19","Downloaded","Front Office Services NC IV.pdf",""
"Microinsurance Services (Mutual Benefit) NC II","2233","28","Downloaded","Microinsurance Services (Mutual Benefit) NC II.pdf",""
"Warehousing Services NC III","2234","39","Downloaded","Warehousing Services NC III.pdf",""
"Warehousing Services NC IV","2235","39","Downloaded","Warehousing Services NC IV.pdf",""
"Public Employment Services NC IV","2236","32","Downloaded","Public Employment Services NC IV.pdf",""
"Multimodal Transport Operations and Logistics (Seafreight Import) Services NC III","2238","29","Downloaded","Multimodal Transport Operations and Logistics (Seafreight Import) Services NC III.pdf",""
"Multimodal Transport Operations and Logistics (Seafreight Import) Services NC II","2237","29","Downloaded","Multimodal Transport Operations and Logistics (Seafreight Import) Services NC II.pdf",""
"Multimodal Transport Operations and Logistics (Seafreight Import) Services NC IV","2239","29","Downloaded","Multimodal Transport Operations and Logistics (Seafreight Import) Services NC IV.pdf",""
"Aquaculture (Tilapia Culture) NC II","2240","3","Downloaded","Aquaculture (Tilapia Culture) NC II.pdf",""
"Aquaculture (Grow-Out Operation) NC II","2241","3","Downloaded","Aquaculture (Grow-Out Operation) NC II.pdf",""
"Beauty Care (Nail Enhancement Technology) Services NC III","2242","7","Downloaded","Beauty Care (Nail Enhancement Technology) Services NC III.pdf",""
"Caregiving (Elderly) NC II","2244","9","Downloaded","Caregiving (Elderly) NC II.pdf",""
"Caregiving (Clients with Special Needs) NC II","2243","9","Downloaded","Caregiving (Clients with Special Needs) NC II.pdf",""
"Caregiving (Grade Schooler to Adolescent) NC II","2245","9","Downloaded","Caregiving (Grade Schooler to Adolescent) NC II.pdf",""
"Aquaculture (Hatchery Operation) NC II","2247","3","Downloaded","Aquaculture (Hatchery Operation) NC II.pdf",""
"Automotive Servicing (Chassis Repair) NC II","2248","5","Downloaded","Automotive Servicing (Chassis Repair) NC II.pdf",""
"Automotive Servicing (Electrical Repair) NC II","2249","5","Downloaded","Automotive Servicing (Electrical Repair) NC II.pdf",""
"Automotive Servicing (Engine Repair) NC II","2250","5","Downloaded","Automotive Servicing (Engine Repair) NC II.pdf",""
"Caregiving (Newborn to Pre-Schooler) NC II","2246","9","Downloaded","Caregiving (Newborn to Pre-Schooler) NC II.pdf",""
"Speed Limitation Device Servicing NC II","2251","36","Downloaded","Speed Limitation Device Servicing NC II.pdf",""
"Beekeeping NC II","2252","8","Downloaded","Beekeeping NC II.pdf",""
"COOPERATIVE DEVELOPMENT AND MANAGEMENT LEVEL IV","2253","11","Downloaded","COOPERATIVE DEVELOPMENT AND MANAGEMENT LEVEL IV.pdf",""
"Automotive Body Repairing NC II","2254","4","Downloaded","Automotive Body Repairing NC II.pdf",""
"Automotive Painting NC II","2255","5","Downloaded","Automotive Painting NC II.pdf",""
"Emergency Medical Services NC III","2256","15","Downloaded","Emergency Medical Services NC III.pdf",""
"Mobile Phones and Handheld Gadgets Servicing NC III","2341","29","Downloaded","Mobile Phones and Handheld Gadgets Servicing NC III.pdf",""
"Assistive Rehabilitation Technology Services (Prosthetics) NC II","2389","4","Downloaded","Assistive Rehabilitation Technology Services (Prosthetics) NC II.pdf",""
"Assistive Rehabilitation Technology Services (Wheelchair) NC II","2391","4","Downloaded","Assistive Rehabilitation Technology Services (Wheelchair) NC II.pdf",""
"Film and Video Postproduction NC III","2392","15","Downloaded","Film and Video Postproduction NC III.pdf",""
"Rubber Production NC II","2340","34","Downloaded","Rubber Production NC II.pdf",""
"Assistive Rehabilitation Technology Services (Orthotics) NC II","2390","4","Downloaded","Assistive Rehabilitation Technology Services (Orthotics) NC II.pdf",""
"Barbering NC II (Superseded)","2393","7","Downloaded","Barbering NC II (Superseded).pdf",""
"Hairdressing NC II (Superseded)","2394","20","Downloaded","Hairdressing NC II (Superseded).pdf",""
"Hairdressing NC III (Superseded)","2395","20","Downloaded","Hairdressing NC III (Superseded).pdf",""
"Beauty Care Services (Nail Care) NC II (Superseded)","2411","7","Downloaded","Beauty Care Services (Nail Care) NC II (Superseded).pdf",""
"Programming (JAVA) NC III","2397","32","Downloaded","Programming (JAVA) NC III.pdf",""
"Food Processing NC I","2396","17","Downloaded","Food Processing NC I.pdf",""
"RAC Servicing (DomRAC) NC II","2442","33","Downloaded","RAC Servicing (DomRAC) NC II.pdf",""
"Contact Tracing NC II","2441","11","Downloaded","Contact Tracing NC II.pdf",""
"Land-Based Transport Mobile Air-conditioning (MAC) Servicing NC II","2443","25","Downloaded","Land-Based Transport Mobile Air-conditioning (MAC) Servicing NC II.pdf",""
"Commercial Refrigeration Installation and Servicing NC III","2444","10","Downloaded","Commercial Refrigeration Installation and Servicing NC III.pdf",""
"Commercial Air-conditioning Installation and Servicing NC III","2445","10","Downloaded","Commercial Air-conditioning Installation and Servicing NC III.pdf",""
"Food Processing NC II","2450","17","Downloaded","Food Processing NC II.pdf",""
"Performing Arts (Magician) NC II","2451","30","Downloaded","Performing Arts (Magician) NC II.pdf",""
"Manual Metal Arc Welding (MMAW) NC I","2518","26","Downloaded","Manual Metal Arc Welding (MMAW) NC I.pdf",""
"Community Nutrition Services NC II","2517","10","Downloaded","Community Nutrition Services NC II.pdf",""
"Domestic Work NC II","2458","13","Downloaded","Domestic Work NC II.pdf",""
"Food Processing NC II (Superseded)","2453","17","Downloaded","Food Processing NC II (Superseded).pdf",""
"Manual Metal Arc Welding (MMAW) NC II","2519","26","Downloaded","Manual Metal Arc Welding (MMAW) NC II.pdf",""
"Manual Metal Arc Welding (MMAW) NC IV","2521","27","Downloaded","Manual Metal Arc Welding (MMAW) NC IV.pdf",""
"Manual Metal Arc Welding (MMAW) NC III","2520","26","Downloaded","Manual Metal Arc Welding (MMAW) NC III.pdf",""
"Printing Services (Prepress Technical Operations) NC I","2782","31","Downloaded","Printing Services (Prepress Technical Operations) NC I.pdf",""
"Early Childhood Care and Development Services NC III","2693","14","Downloaded","Early Childhood Care and Development Services NC III.pdf",""
"Tour Guiding Services NC III","2522","37","Downloaded","Tour Guiding Services NC III.pdf",""
"Printing Services (Prepress Technical Operations) NC II","2783","31","Downloaded","Printing Services (Prepress Technical Operations) NC II.pdf",""
"Cyber Threat Monitoring NC I","2788","12","Downloaded","Cyber Threat Monitoring NC I.pdf",""
"Cyber Threat Mitigation NC II","2789","12","Downloaded","Cyber Threat Mitigation NC II.pdf",""
"Automotive Diagnosis (Electrical) NC III","2791","5","Downloaded","Automotive Diagnosis (Electrical) NC III.pdf",""
"Automotive Diagnosis (Chassis) NC III","2790","4","Downloaded","Automotive Diagnosis (Chassis) NC III.pdf",""
"Food and Beverage Services NC II","2794","16","Downloaded","Food and Beverage Services NC II.pdf",""
"Automotive Diagnosis (Engine) NC III","2792","5","Downloaded","Automotive Diagnosis (Engine) NC III.pdf",""
"Handloom Weaving (Backstrap) NC II","2833","20","Downloaded","Handloom Weaving (Backstrap) NC II.pdf",""
"Food Production (Bread and Patisserie) NC II","2795","17","Downloaded","Food Production (Bread and Patisserie) NC II.pdf",""
